{
    "ib-api"                                      : {
        "motor-insurance"                              : {
            "paymentMode": "string",
            "debitAccount": "string|optional",
            "transactionDate": "string",
            "applicantName": "string",
            "otherNames": "string",
            "dateOfBirth": "string",
            "idNumber": "string",
            "kraPin": "string",
            "physicalAddress": "string",
            "postalAddress": "string",
            "postalCode": "string",
            "email": "email",
            "phone": "string",
            "branchCode": "string",
            "occupation": "string",
            "gender": "string",
            "country": "string",
            "town": "string",
            "title": "string",
            "politicallyExposed": "boolean",
            "nextOfKinIDNumber": "string",
            "nextOfKinName": "string",
            "nextOfKinPhoneNumber": "string",
            "coverFromDate": "string",
            "coverToDate": "string",
            "policyDate": "string",
            "currency": "string",
            "registrationNo": "string",
            "vehicleSumInsured": "string",
            "chasisNo": "string",
            "vehicleEngineNo": "string",
            "manufactureYear": "string",
            "vehicleMake": "string",
            "vehicleCubicCapacity": "string"
        },
        "fetch-bill-schedule"                              : {
            "username"              : "string"
        },
        "bill-schedule"                              : {
            "billType"              : "string",
            "billAccount"           : "string",
            "debitAccount"          : "string",
            "accountName"           : "string",
            "amount"                : "string",
            "startDate"             : "string",
            "endDate"               : "string",
            "repeatType"            : "string",
            "frequency"             : "string",
            "phone"                 : "string",
            "username"              : "string",
            "name"                  : "string"
        },
        "cancel-bill-schedule"                              : {
            "scheduleID"              : "string"
        },
        "update-bill-schedule"                              : {
            "billType"              : "string",
            "billAccount"           : "string",
            "debitAccount"          : "string",
            "accountName"           : "string",
            "amount"                : "string",
            "startDate"             : "string",
            "endDate"               : "string",
            "repeatType"            : "string",
            "frequency"             : "string",
            "scheduleId"            : "string"
        },
        "get-loan-statement"                              : {
            "loanAccount"                  : "string|min:1"
        },
        "get-loan-schedule"                              : {
            "loanAccount"                  : "string|min:1"
        },
        "get-loan-accounts"                              : {
            "customerId"                  : "string|min:1"
        },
        "fetch-tf-credit"                              : {
            "customerId"                  : "string|min:1"
        },
        "rewards"                              : {
            "accountNumber"                  : "string"
        },
        "get-listed-entities"                              : {
            "email"                  : "string"
        },
        "card-control-cards"                              : {
            "accountNumber"                  : "string"
        },
        "block-card"                              : {
            "serialNo"                  : "string"
        },
        "unblock-card"                              : {
            "serialNo"                  : "string"
        },
        "request-new-card"                              : {
            "internationalPhone"                  : "string",
            "accountNumber"                       : "string",
            "customerNumber"                      : "string",
            "firstName"                           : "string",
            "middleName"                          : "string",
            "lastName"                            : "string",
            "mobileNumber"                        : "string",
            "emailAddress"                        : "string",
            "address"                             : "string",
            "fundingType"                         : "string",
            "amount"                              : "string"
        },
        "get-cards"                              : {
            "accountNumber"                  : "string"
        },
        "get-limits"                              : {
            "serialNumber"                  : "string",
            "period"                        : "string"
        },
        "update-card-limits"                      : {
            "serialNumber"                  : "string",
            "period"                        : "string"
        },
        "fetch-dcvv"                              : {
            "serialNumber"                  : "string"
        },
        "fetch-card-balance"                              : {
            "serialNumber"                       : "string",
            "accountNumber"                      : "string"
        },
        "card-ministatement"                              : {
            "serialNumber"                      : "string",
            "accountNumber"                     : "string",
            "from"                              : "string",
            "to"                                : "string"
        },
        "account-fund-card"                      : {
            "internationalPhone"                  : "string",
            "debitAccount"                        : "string",
            "amount"                              : "string",
            "cardAccountNumber"                   : "string"
        },
        "debit-card-fund-card"                      : {
            "internationalPhone"                  : "string",
            "amount"                              : "string",
            "cardNumber"                          : "string",
            "cvv"                                 : "string",
            "expiryDate"                          : "string"
        },
        "mpesa-fund-card"                      : {
            "internationalPhone"                  : "string",
            "amount"                              : "string"
        },
        "card-transfer-mpesa"                      : {
            "internationalPhone"                  : "string",
            "amount"                              : "string",
            "phoneNumber"                          : "string"
        },
        "card-transfer-account"                      : {
            "internationalPhone"                  : "string",
            "amount"                              : "string",
            "accountNumber"                       : "string"
        },
        "forex-lookup"                             : {
            "internationalPhone"                        : "string",
            "currencyPair"                              : "string"
        },
        "forex-internal-exchange"                             : {
            "internationalPhone"                        : "string",
            "debitAccount"                              : "string",
            "amount"                                    : "string",
            "customerId"                                : "string",
            "creditCurrency"                            : "string",
            "creditAccount"                             : "string",
            "currencySold"                              : "string",
            "currencyBought"                            : "string",
            "conversionAmount"                          : "string",
            "email"    			                        : "string"
        },
        "forex-rtgs-exchange"                             : {
            "internationalPhone"                        : "string",
            "debitAccount"                              : "string",
            "amount"                                    : "string",
            "creditCurrency"                            : "string",
            "creditAccount"                             : "string",
            "currencySold"                              : "string",
            "currencyBought"                            : "string",
            "conversionAmount"                          : "string",
            "email"    			                        : "string",
            "bank"    			                        : "string",
            "branch"    			                    : "string",
            "narration"    			                    : "string",
            "accountName"    			                : "string"
        },
        "forex-tt-exchange"                             : {
            "internationalPhone"                        : "string",
            "debitAccount"                              : "string",
            "amount"                                    : "string",
            "creditCurrency"                            : "string",
            "creditAccount"                             : "string",
            "currencySold"                              : "string",
            "currencyBought"                            : "string",
            "conversionAmount"                          : "string",
            "email"    			                        : "string",
            "bank"    			                        : "string",
            "branch"    			                    : "string",
            "narration"    			                    : "string",
            "beneficiaryAddress"    			        : "string",
            "branchCode"        	                    : "string",
            "swiftCode"         	                    : "string|optional",
            "sortCode"          	                    : "string|optional",
            "iban"         			                    : "string|optional",
            "routingNo"         	                    : "string|optional",
            "bsb"         			                    : "string|optional",
            "neft"         			                    : "string|optional",
            "chargeType"        	                    : "string",
            "bankDetails"        	                    : "string"
        },
        "forex-create-order-alert"                             : {
            "alertEmail"                                : "string",
            "alertPhone"                                : "string",
            "amount"                                    : "string",
            "senderAmount"                              : "string",
            "prefferedRate"                             : "string",
            "currencySold"                              : "string",
            "currencyBought"                            : "string",
            "conversionAmount"                          : "string",
            "currencyPair"                              : "string",
            "username"    			                    : "string",
            "expiryDate"    			                : "string",
            "txnType"    			                    : "string"
        },
        "tt"                                      : {
            "internationalPhone"                  : "string",
            "amount"                              : "string",
            "bank"                                : "string",
            "accountName"                         : "string",
            "sortCode"                            : "string",
            "debitAccount"                        : "string",
            "creditAccount"                       : "string"
        },
        "tt-charges"                              : {
            "internationalPhone"                  : "string",
            "amount"                              : "string",
            "debitAccount"                        : "string"
        },
        "bulk-upload"                             : {
            "batchNumber"                         : "string",
            "charge"                              : "string",
            "tax"                                 : "string"
        },
        "bulk-upload-charges"                     : {
            "txType"                              : "string",
            "amount"                              : "string",
            "procode"                             : "string",
            "internationalPhone"                  : "string",
            "creditAccount"                       : "string"
        },
        "open-additional-account"                 : {
            "internationalPhone"                  : "string",
            "debitAccount"                        : "string",
            "amount"                              : "string",
            "customerId"                          : "string",
            "productId"                           : "string"
        },
        "iprs-check"                              : {
            "id"                                  : "string"
        },
        "fixed-deposit"                           : {
            "phone"                               : "string",
            "amount"                              : "string",
            "term"                                : "string",
            "rate"                                : "string",
            "debitAccount"                        : "string",
            "type"                                : "string",
            "customerId"                          : "string",
            "email"                               : "string"
        },
        "diaspora"                                : {
            "internationalPhone"                  : "string",
            "amount"                              : "string",
            "creditAccount"                       : "string",
            "cardExpiry"                          : "string",
            "cardHolderName"                      : "string",
            "cvv"                                 : "string",
            "cardNumber"                          : "string",
            "narration"                           : "string"          
        },
        "diaspora-charges"                        : {
            "internationalPhone"                  : "string",
            "amount"                              : "string",
            "creditAccount"                       : "string"       
        },
        "iprs-lookup"                             : {
            "idNumber"                            : "string"
        },
        "ikonnect-account-opening"                : {
            "phone"                               : "string",
            "names"                               : "string",
            "id"                                  : "string",
            "email"                               : "string",
            "kraPin"                              : "string",
            "gender"                              : "string",
            "productCode"                         : "string"
        },
        "ikonnect-account-lookup"                 : {
            "phone"                               : "string|min:1",
            "coreAccount"                         : "string|min:1",
            "id"                                  : "string|min:1"
        },
        "ikonnect-update-kra"                     : {
            "phone"                               : "string",
            "customerId"                          : "string",
            "kraPin"                              : "string"                    
        },
		"core-account-lookup"                           : {
			"account"                                      : "string|min:1",
			"internationalPhone"                           : "string",
			"id"                                           : "string"
		},
		"core-account-lookup-mock"                      : {
			"account"                                      : "string",
			"internationalPhone"                           : "string"
		},
		"balance-mock"                                  : {
			"account"                                      : "string",
			"internationalPhone"                           : "string"
        },
        "charges-mock"                            : {
            "internationalPhone"                  : "string",
            "debitAccount"                        : "string",
            "amount"                              : "string"
        },
		"mini-mock"                                     : {
			"debitAccount"                                 : "string",
			"internationalPhone"                           : "string"
		},
        "link-wallet-account"                            : {
            "phoneNumber"                           : "string",
            "email"                                 : "string"
        },
        "loan-products"                            : {
            "internationalPhone"                  : "string"
        },
        "loan-scoring"                            : {
            "internationalPhone"                  : "string",
            "loanAccount"                         : "string",
            "loanCode"                            : "string"
        },
        "loan-application"                        : {
            "internationalPhone"                  : "string",
            "amount"                              : "string",
            "loanCode"                            : "string",
            "limit"                               : "string",
            "debitAccount"                        : "string"
        },
        "loan-repayment"                          : {
            "internationalPhone"                  : "string",
            "amount"                              : "string",
            "loanCode"                            : "string",
            "debitAccount"                        : "string",
            "mwallet"                             : "string"
        },
        "mpesa-loan-repayment"                    : {
            "internationalPhone"                  : "string",
            "amount"                              : "string",
            "loanCode"                            : "string",
            "mwallet"                             : "string"
        },
        "loan-balance"                            : {
            "internationalPhone"                  : "string",
            "loanCode"                            : "string",
            "mwallet"                             : "string|length:11"
        },
        "loan-repayment-balance"                  : {
            "internationalPhone"                  : "string",
            "loanCode"                            : "string",
            "mwallet"                             : "string"
        },
        "forex-fetch"                             : {
            "internationalPhone"                  : "string"
        },
        "pos-limit"                               : {
            "internationalPhone"                  : "string",
            "amount"                              : "string",
            "card"                                : "string",
            "count"                               : "string"
        },
        "atm-limit"                               : {
            "internationalPhone"                  : "string",
            "amount"                              : "string",
            "card"                                : "string",
            "count"                               : "string"
        },
        "online-limit"                            : {
            "internationalPhone"                  : "string",
            "amount"                              : "string",
            "card"                                : "string",
            "count"                               : "string"
        },
        "card-lookup"                             : {
            "internationalPhone"                  : "string",
            "debitAccount"                        : "string"
        },
        "itax-bill-presentment"                   : {
            "internationalPhone"                  : "string",
            "eslip"                               : "string|min:1"
        },
        "itax-bill-payment-charges"               : {
            "internationalPhone"                  : "string",
            "amount"                              : "string",
            "debitAccount"                        : "string"
        },
        "itax-bill-payment"                       : {
            "internationalPhone"                  : "string",
            "amount"                              : "string",
            "kraPin"                              : "string",
            "taxCode"                             : "string",
            "eslip"                               : "string",
            "fullName"                            : "string",
            "adviceDate"                          : "string",
            "debitAccount"                        : "string"
        },
        "account-mandates-lookup"                 : {
            "internationalPhone"                  : "string"
        },
        "account-mandates-approve"                : {
            "internationalPhone"                  : "string",
            "mandateCode"                         : "string",
            "debitAccount"                        : "string"
        },
        "account-mandates-reject"                 : {
            "internationalPhone"                  : "string",
            "mandateCode"                         : "string",
            "debitAccount"                        : "string"
        },
        "reference-to-ecitizen-lookup"            : {
            "amount"                              : "string",
            "reference"                           : "string"
        },
        "pesalink-to-ecitizen-lookup"             : {
            "paybill"                             : "string"
        },
        "pesalink-to-ecitizen"                    : {
            "internationalPhone"                  : "string",
            "amount"                              : "string",
            "numberRef"                           : "string",
            "sortCode"                            : "string",
            "debitAccount"                        : "string",
            "paybill"                             : "string",
            "reference"                           : "string"
        },
        "account-mandates-approval"               : {
            "internationalPhone"                  : "string",
            "mwallet"                             : "string"
        },
        "set-atm-daily-amount"                    : {
            "internationalPhone"                  : "string",
            "mwallet"                             : "string"
        },
        "set-atm-transaction-limit"               : {
            "internationalPhone"                  : "string",
            "mwallet"                             : "string"
        },
        "set-atm-transaction-count"               : {
            "internationalPhone"                  : "string",
            "mwallet"                             : "string"
        },
        "block-atm"                               : {
            "internationalPhone"                  : "string",
            "cardSerialNumber"                    : "string"
        },
        "unblock-atm"                             : {
            "internationalPhone"                  : "string",
            "cardSerialNumber"                    : "string"
        },
        "buy-mpesa-float"                         : {
            "internationalPhone"                  : "string",
            "amount"                              : "string",
            "creditAccount"                       : "string",
            "debitAccount"                        : "string"
        },
        "buy-goods-and-services"                  : {
            "internationalPhone"                  : "string",
            "amount"                              : "string",
            "creditAccount"                       : "string",
            "debitAccount"                        : "string"
        },
        "pay-bill"                                : {
            "internationalPhone"                  : "string",
            "amount"                              : "string",
            "paybill"                             : "string",
            "account"                             : "string",
            "debitAccount"                        : "string"
        },
        "personal-accident-insurance"             : {
            "internationalPhone"                  : "string",
            "mwallet"                             : "string"
        },
        "claims-insurance"                        : {
            "internationalPhone"                  : "string",
            "mwallet"                             : "string"
        },
        "motor-vehicle-insurance"                 : {
            "internationalPhone"                  : "string",
            "mwallet"                             : "string"
        },
        "lock-savings-lookup"                     : {
            "internationalPhone"                  : "string",
            "lockSavingsAccount"                  : "string"
        },
        "lock-savings-unlock"                     : {
            "internationalPhone"                  : "string",
            "debitAccount"                        : "string",
            "creditAccount"                       : "string"
        },
        "block-account"                           : {
            "internationalPhone"                  : "string"
        },
        "account-opening-lookup"                  : {
            "internationalPhone"                  : "string"
        },
        "internal-account-lookup"                 : {
            "internationalPhone"                  : "string",
            "debitAccount"                        : "string|min:1"
        },
        "lock-savings-open"                       : {
            "internationalPhone"                  : "string",
            "deposit"                             : "string",
            "period"                              : "string",
            "amount"                              : "string",
            "debitAccount"                        : "string"
        },
        "lock-savings-ministatement"              : {
            "internationalPhone"                  : "string",
            "account"                             : "string"
        },
        "lock-savings-save"                       : {
            "internationalPhone"                  : "string",
            "amount"                              : "string",
            "debitAccount"                        : "string",
            "creditAccount"                       : "string"
        },
        "lock-savings-withdraw"                   : {
            "internationalPhone"                  : "string",
            "amount"                              : "string",
            "savingsAccount"                      : "string",
            "creditAccount"                       : "string"
        },
        "school-lookup"                           : {
            "internationalPhone"                  : "string"
        },
        "eft-bank-lookup"                         : {
            "internationalPhone"                  : "string"
        },
        "eft-branch-lookup"                       : {
            "internationalPhone"                  : "string",
            "bankCode"                            : "string"
        },
        "rtgs-branch-lookup"                      : {
            "internationalPhone"                  : "string",
            "bankCode"                            : "string"
        },
        "tell-a-friend"                           : {
            "internationalPhone"                  : "string",
            "friendPhone"                         : "string"
        },
        "registration"                            : {
            "internationalPhone"                  : "string",
            "surname"                             : "string",
            "firstname"                           : "string",
            "othername"                           : "string",
            "id"                                  : "string",
            "email"                               : "string",
            "imsi"                                : "string",
            "hasCoreAccount"                      : "string",
            "coreAccount"                         : "string"
        },
        "profile"                                 : {
            "internationalPhone"                  : "string",
            "imsi"                                : "string"
        },
        "pin-change"                              : {
            "internationalPhone"                  : "string",
            "newPin"                              : "string",
            "imsi"                                : "string"
        },
        "wallet-balance"                                 : {
            "internationalPhone"                  : "string",
            "debitAccount"                        : "string"
        },
        "balance"                                 : {
            "internationalPhone"                  : "string",
            "debitAccount"                        : "string"
        },
        "ministatement"                           : {
            "internationalPhone"                  : "string",
            "debitAccount"                        : "string"
        },
        "loan-statement"                          : {
            "internationalPhone"                  : "string",
            "loanCode"                            : "string",
            "dateFrom"                            : "string",
            "dateTo"                              : "string",
            "email"                               : "string",
            "mwallet"                             : "string"
        },
        "loan-ministatement"                          : {
            "internationalPhone"                  : "string",
            "loanCode"                            : "string",
            "mwallet"                             : "string"
        },
        "fullstatement"                           : {
            "internationalPhone"                  : "string",
            "to"                                  : "string",
            "from"                                : "string",
            "email"                               : "string",
            "debitAccount"                        : "string"
        },
        "funds-transfer"                          : {
            "internationalPhone"                  : "string",
            "amount"                              : "string",
            "debitAccount"                        : "string",
            "customerId"                          : "string",
            "creditAccount"                       : "string"
        },
        "funds-transfer-wallet-to-wallet"         : {
            "internationalPhone"                  : "string",
            "amount"                              : "string",
            "mwallet"                             : "string",
            "creditAccount"                       : "string"
        },
        "funds-transfer-wallet-to-savings"        : {
            "internationalPhone"                  : "string",
            "amount"                              : "string",
            "mwallet"                             : "string",
            "creditAccount"                       : "string"
        },
        "funds-transfer-savings-to-wallet"        : {
            "internationalPhone"                  : "string",
            "amount"                              : "string",
            "debitAccount"                        : "string",
            "creditAccount"                       : "string"
        },
        "send-to-mpesa"                           : {
            "internationalPhone"                  : "string",
            "amount"                              : "string",
            "creditAccount"                       : "string",
            "debitAccount"                        : "string"
        },
        "send-to-airtel-money"                    : {
            "internationalPhone"                  : "string",
            "amount"                              : "string",
            "creditAccount"                       : "string",
            "debitAccount"                        : "string"
        },
        "buy-airtime"                             : {
            "internationalPhone"                  : "string",
            "amount"                              : "string",
            "creditAccount"                       : "string",
            "airtimeProvider"                     : "string",
            "debitAccount"                        : "string"
        },
        "kplc-post-paid-bill-payment"             : {
            "internationalPhone"                  : "string",
            "amount"                              : "string",
            "creditAccount"                       : "string",
            "debitAccount"                        : "string"
        },
        "kplc-pre-paid-bill-payment"              : {
            "internationalPhone"                  : "string",
            "amount"                              : "string",
            "creditAccount"                       : "string",
            "debitAccount"                        : "string"
        },
        "nhif-bill-payment"                       : {
            "internationalPhone"                  : "string",
            "amount"                              : "string",
            "creditAccount"                       : "string",
            "debitAccount"                        : "string"
        },
        "nairobi-water-bill-payment"              : {
            "internationalPhone"                  : "string",
            "amount"                              : "string",
            "creditAccount"                       : "string",
            "debitAccount"                        : "string"
        },
        "zuku-tv-bill-payment"                    : {
            "internationalPhone"                  : "string",
            "amount"                              : "string",
            "creditAccount"                       : "string",
            "debitAccount"                        : "string"
        },
        "zuku-internet-bill-payment"              : {
            "internationalPhone"                  : "string",
            "amount"                              : "string",
            "creditAccount"                       : "string",
            "debitAccount"                        : "string"
        },
        "gotv-bill-payment"                       : {
            "internationalPhone"                  : "string",
            "amount"                              : "string",
            "creditAccount"                       : "string",
            "debitAccount"                        : "string"
        },
        "dstv-bill-payment"                       : {
            "internationalPhone"                  : "string",
            "amount"                              : "string",
            "creditAccount"                       : "string",
            "debitAccount"                        : "string"
        },
        "landrates-bill-payment"                  : {
            "internationalPhone"                  : "string",
            "amount"                              : "string",
            "creditAccount"                       : "string",
            "debitAccount"                        : "string"
        },
        "landrates-bill-charges"                  : {
            "internationalPhone"                  : "string",
            "amount"                              : "string"
        },
        "school-fees-bill-payment"                : {
            "internationalPhone"                  : "string",
            "amount"                              : "string",
            "creditAccount"                       : "string",
            "debitAccount"                        : "string",
            "studentName"                         : "string",
            "studentId"                           : "string"
        },
        "standing-orders-internal"                : {
            "internationalPhone"                  : "string",
            "amount"                              : "string",
            "from"                                : "string",
            "debitAccount"                        : "string",
            "creditAccount"                       : "string",
            "customerName"                        : "string",
            "frequency"                           : "string",
            "to"                                  : "string",
            "narration"                           : "string"
        },
        "standing-orders-external"                : {
            "internationalPhone"                  : "string",
            "amount"                              : "string",
            "from"                                : "string",
            "sortCode"                            : "string",
            "debitAccount"                        : "string",
            "creditAccount"                       : "string",
            "name"                                : "string",
            "frequency"                           : "string",
            "to"                                  : "string",
            "narration"                           : "string"
        },
        "standing-orders-amend"                   : {
            "internationalPhone"                  : "string",
            "amount"                              : "string",
            "id"                                  : "string",
            "to"                                  : "string"
        },
        "standing-orders-cancel"                  : {
            "internationalPhone"                  : "string",
            "id"                                  : "string"
        },
        "standing-orders-lookup"                  : {
            "internationalPhone"                  : "string",
            "debitAccount"                        : "string"
        },
        "account-linking"                         : {
            "internationalPhone"                  : "string",
            "linkAccount"                         : "string",
            "id"                                  : "string"
        },
        "account-opening"                         : {
            "internationalPhone"                  : "string"
        },
        "core-account-opening"                    : {
            "internationalPhone"                  : "string",
            "amount"                              : "string",
            "currency"                            : "string",
            "accountType"                         : "string",
            "branch"                              : "string",
            "debitAccount"                        : "string"
        },
        "request-cheque-book"                     : {
            "internationalPhone"                  : "string",
            "debitAccount"                        : "string",
            "leaves"                              : "string",
            "quantity"                            : "string"
        },
        "stop-cheque"                             : {
            "internationalPhone"                  : "string",
            "account"                             : "string",
            "chequeNumber"                        : "string"
        },
        "request-atm-card"                        : {
            "internationalPhone"                  : "string",
            "account"                             : "string"
        },
        "replace-atm-card"                        : {
            "internationalPhone"                  : "string",
            "account"                             : "string"
        },
        "mpesa-c2b"                               : {
            "internationalPhone"                  : "string",
            "amount"                              : "string",
            "debitAccount"                        : "string"
        },
        "airtel-c2b"                               : {
            "internationalPhone"                  : "string",
            "amount"                              : "string",
            "debitAccount"                        : "string"
        },
        "rtgs"                                    : {
            "internationalPhone"                  : "string",
            "amount"                              : "string",
            "accountName"                         : "string",
            "debitAccount"                        : "string",
            "narration"                           : "string",
            "creditAccount"                       : "string",
            "bank"                                : "string",
            "branch"                              : "string"
        },
        "eft"                                     : {
            "internationalPhone"                  : "string",
            "amount"                              : "string",
            "accountName"                         : "string",
            "debitAccount"                        : "string",
            "creditAccount"                       : "string",
            "bank"                                : "string",
            "branch"                              : "string"
        },
        "pesalink-to-bank"                        : {
            "internationalPhone"                  : "string",
            "amount"                              : "string",
            "bank"                                : "string",
            "narration"                           : "string",
            "debitAccount"                        : "string",
            "creditAccount"                       : "string",
            "receiverPhone"                       : "string",
            "recepientPIC"                        : "string"
        },
        "pesalink-to-card"                        : {
            "internationalPhone"                  : "string",
            "amount"                              : "string",
            "bank"                                : "string",
            "narration"                           : "string",
            "debitAccount"                        : "string",
            "creditAccount"                       : "string"
        },
        "pesalink-to-phone"                       : {
            "internationalPhone"                  : "string",
            "amount"                              : "string",
            "sortCode"                            : "string",
            "name"                                : "string",
            "debitAccount"                        : "string",
            "creditAccount"                       : "string"
        },
        "pesalink-to-phone-lookup"                : {
            "creditAccount"                       : "string|min:1"
        },
        "pesalink-to-account-lookup"                : {
            "recepientAccount"                       : "string|min:1",
            "recepientPIC"                           : "string|length:4"
        },
        "pesalink-register"                       : {
            "internationalPhone"                  : "string",
            "name"                                : "string",
            "email"                               : "string",
            "debitAccount"                        : "string",
            "id"                                  : "string"
        },
        "pesalink-set-default"                    : {
            "internationalPhone"                  : "string",
            "debitAccount"                        : "string",
            "id"                                  : "string",
            "email"                               : "string",
            "name"                                : "string"
        },	 
		"tell-a-friend-charges"                         : {
            "internationalPhone"                  : "string"
        },
        "school-fees-bill-payment-charges"        : {
            "internationalPhone"                  : "string"
        },
        "pin-change-charges"                      : {
            "internationalPhone"                  : "string"
        },
        "balance-charges"                         : {
            "internationalPhone"                  : "string",
            "debitAccount"                        : "string"
        },
        "ministatement-charges"                   : {
            "internationalPhone"                  : "string",
            "debitAccount"                        : "string"
        },
        "fullstatement-charges"                   : {
            "internationalPhone"                  : "string",
            "debitAccount"                        : "string"
        },
        "funds-transfer-charges"                  : {
            "internationalPhone"                  : "string",
            "debitAccount"                        : "string",
            "customerId"                          : "string",
            "amount"                              : "string"
        },
        "funds-transfer-wallet-to-wallet-charges" : {
            "internationalPhone"                  : "string",
            "amount"                              : "string"
        },
        "funds-transfer-wallet-to-savings-charges": {
            "internationalPhone"                  : "string",
            "amount"                              : "string"
        },
        "funds-transfer-savings-to-wallet-charges": {
            "internationalPhone"                  : "string",
            "amount"                              : "string"
        },
        "send-to-mpesa-charges"                   : {
            "internationalPhone"                  : "string",
            "amount"                              : "string",
            "debitAccount"                        : "string"
        },
        "send-to-airtel-money-charges"            : {
            "internationalPhone"                  : "string",
            "amount"                              : "string",
            "debitAccount"                        : "string"
        },
        "buy-airtime-charges"                     : {
            "internationalPhone"                  : "string",
            "amount"                              : "string",
            "airtimeProvider"                     : "string",
            "debitAccount"                        : "string"
        },
        "kplc-post-paid-bill-payment-charges"     : {
            "internationalPhone"                  : "string",
            "debitAccount"                        : "string"
        },
        "kplc-pre-paid-bill-payment-charges"      : {
            "internationalPhone"                  : "string",
            "amount"                              : "string",
            "debitAccount"                        : "string"
        },
        "nhif-bill-payment-charges"               : {
            "internationalPhone"                  : "string",
            "debitAccount"                        : "string"
        },
        "nairobi-water-bill-payment-charges"      : {
            "internationalPhone"                  : "string",
            "amount"                              : "string",
            "debitAccount"                        : "string"
        },
        "zuku-tv-bill-payment-charges"            : {
            "internationalPhone"                  : "string",
            "amount"                              : "string",
            "debitAccount"                        : "string"
        },
        "zuku-internet-bill-payment-charges"      : {
            "internationalPhone"                  : "string",
            "amount"                              : "string",
            "debitAccount"                        : "string"
        },
        "gotv-bill-payment-charges"               : {
            "internationalPhone"                  : "string",
            "debitAccount"                        : "string"
        },
        "dstv-bill-payment-charges"               : {
            "internationalPhone"                  : "string",
            "debitAccount"                        : "string"
        },
        "landrates-bill-payment-charges"          : {
            "internationalPhone"                  : "string",
            "debitAccount"                        : "string"
        },
        "school-fees-payment-charges"             : {
            "internationalPhone"                  : "string",
            "amount"                              : "string",
            "debitAccount"                        : "string"
        },
        "standing-orders-internal-charges"        : {
            "internationalPhone"                  : "string",
            "amount"                              : "string",
            "debitAccount"                        : "string"
        },
        "standing-orders-external-charges"        : {
            "internationalPhone"                  : "string",
            "amount"                              : "string",
            "debitAccount"                        : "string"
        },
        "standing-orders-amend-charges"           : {
            "internationalPhone"                  : "string",
            "debitAccount"                        : "string",
            "to"                                  : "string"
        },
        "account-linking-charges"                 : {
            "internationalPhone"                  : "string"
        },
        "core-account-opening-charges"            : {
            "internationalPhone"                  : "string",
            "amount"                              : "string",
            "accountType"                         : "string",
            "debitAccount"                        : "string"
        },
        "request-cheque-book-charges"             : {
            "internationalPhone"                  : "string",
            "debitAccount"                        : "string",
            "leaves"                              : "string",
            "quantity"                            : "string"
        },
        "request-atm-card-charges"                : {
            "internationalPhone"                  : "string",
            "account"                             : "string"
        },
        "replace-atm-card-charges"                : {
            "internationalPhone"                  : "string",
            "account"                             : "string"
        },
        "mpesa-c2b-charges"                       : {
            "internationalPhone"                  : "string",
            "amount"                              : "string",
            "debitAccount"                        : "string"
        },
        "airtel-c2b-charges"                       : {
            "internationalPhone"                  : "string",
            "amount"                              : "string",
            "debitAccount"                        : "string"
        },
        "rtgs-charges"                            : {
            "internationalPhone"                  : "string",
            "amount"                              : "string",
            "debitAccount"                        : "string"
        },
        "eft-charges"                             : {
            "internationalPhone"                  : "string",
            "amount"                              : "string",
            "debitAccount"                        : "string"
        },
        "pesalink-to-bank-charges"                : {
            "internationalPhone"                  : "string",
            "amount"                              : "string",
            "debitAccount"                        : "string"
        },
        "pesalink-to-card-charges"                : {
            "internationalPhone"                  : "string",
            "amount"                              : "string",
            "bank"                                : "string",
            "narration"                           : "string",
            "debitAccount"                        : "string",
            "creditAccount"                       : "string"
        },
        "pesalink-to-phone-charges"               : {
            "internationalPhone"                  : "string",
            "amount"                              : "string",
            "debitAccount"                        : "string"
        },
		"kplc-post-paid-bill-presentment"               : {
            "internationalPhone"                  : "string",
            "creditAccount"                       : "string|min:1"
        },
        "nhif-bill-presentment"                   : {
            "internationalPhone"                  : "string",
            "memberType"                          : "string",
            "creditAccount"                       : "string|min:1"
        },
        "gotv-bill-presentment"                   : {
            "internationalPhone"                  : "string",
            "creditAccount"                       : "string|min:1"
        },
        "dstv-bill-presentment"                   : {
            "internationalPhone"                  : "string",
            "creditAccount"                       : "string|min:1"
        },
        "landrates-bill-presentment"              : {
            "internationalPhone"                  : "string",
            "creditAccount"                       : "string|min:1"
        }
    }
}